Workbook

Sheet Requisition Form
A3: PURCHASE REQUISITION FORM
K4: Select Sr. | L4: 11
A5: =VLOOKUP($L$4,Data!A:C,3,0) -> UrbanDesk Workspaces
A6: Requisition Number : | C6: =VLOOKUP($L$4,Data!A:D,4,0) -> Admin/PUNE/03/25-26/MAT-02 | F6: Date : | H6: =VLOOKUP($L$4,Data!A:E,5,0) -> 45810
A7: Name of the Manager : | C7: =VLOOKUP($L$4,Data!A:F,6,0) -> Vikas Patil | F7: Project/Department : | H7: =VLOOKUP($L$4,Data!A:G,7,0) -> Administration Dept
A8: Requested by : | C8: =VLOOKUP($L$4,Data!A:M,8,0) -> Jesika Mehta | F8: Signature :
A9: Justification for Request:
A10: =VLOOKUP($L$4,Data!A:N,13,0) -> NovaEdge Solutions HK Material Order month of June -2025
A15: No. | B15: Description | D15: Stock Code | F15: Unit Price | G15: Qty. | H15: Discount | I15: Total
A16: 1
A17: 2
A18: 3
A19: 4
A20: 5
A21: 6
A22: 7
A23: 8
A24: 9
A25: 10
A26: 11
I27: =VLOOKUP($L$4,Data!A:N,14,0) -> 51826
A30: Prepared By : | C30: =C8 -> Jesika Mehta | F30: Signature:
A32: Approved By: | C32: =C7 -> Vikas Patil | F32: Signature:
A34: Authorised By: | C34: =VLOOKUP($L$4,Data!A:I,9,0) -> Amit Khanna | F34: Signature:
A36: Received By: | C36: =VLOOKUP($L$4,Data!A:J,10,0) -> Aakash Rao | F36: Signature:

Sheet Data
A1: (Ctrl+D) | B1: (Ctrl+D) | C1: Drop-Down | D1: Type | E1: Type (DD-MM-YYYY) | F1: Drop-Down | G1: Drop-Down | H1: Drop-Down | I1: Drop-Down | J1: Drop-Down | K1: Drop-Down | L1: Drop-Down | M1: (Ctrl+D) | N1: Type
A2: Sr. | B2: Duplication Checking | C2: Company Name | D2: Requisition Number | E2: Date | F2: Name of the Manager | G2: Project/Department | H2: Requested by | I2: Authorised By | J2: Received By | K2: Vendor Name | L2: Exp Type | M2: Justification for Request | N2: Total
A3: =ROW()-1 -> 2 | B3: =IF(COUNTIFS(C:C,C3,D:D,D3)>1,"Its Duplicate","No") -> No | C3: UrbanDesk Workspaces | D3: Admin/PUNE/03/25-26/MAT-01 | E3: 45818 | F3: Vikas Patil | G3: Administration Dept | H3: Jesika Mehta | I3: Amit Khanna | J3: Aakash Rao | K3: Orion TradeCorp | L3: Coffee Material | M3: =IFERROR(IF(OR(E3="",K3="",L3=""),"", K3&" "&L3&" Order month of "&TEXT(E3,"mmmm -yyyy"))," ") -> Orion TradeCorp Coffee Material Order month of June -2025 | N3: 19851
A4: =ROW()-1 -> 3 | B4: =IF(COUNTIFS(C:C,C4,D:D,D4)>1,"Its Duplicate","No") -> No | C4: BlueRock Advisors | D4: Admin/PUNE/03/25-26/MAT-01 | E4: 45818 | F4: Vikas Patil | G4: Administration Dept | H4: Jesika Mehta | I4: Amit Khanna | J4: Aakash Rao | K4: NovaEdge Solutions | L4: HK Material | M4: =IFERROR(IF(OR(E4="",K4="",L4=""),"", K4&" "&L4&" Order month of "&TEXT(E4,"mmmm -yyyy"))," ") -> NovaEdge Solutions HK Material Order month of June -2025 | N4: 12210
A5: =ROW()-1 -> 4 | B5: =IF(COUNTIFS(C:C,C5,D:D,D5)>1,"Its Duplicate","No") -> No | C5: BlueRock Advisors | D5: Admin/PUNE/03/25-26/MAT-02 | E5: 45818 | F5: Vikas Patil | G5: Administration Dept | H5: Jesika Mehta | I5: Amit Khanna | J5: Aakash Rao | K5: NovaEdge Solutions | L5: Stationery Material | M5: =IFERROR(IF(OR(E5="",K5="",L5=""),"", K5&" "&L5&" Order month of "&TEXT(E5,"mmmm -yyyy"))," ") -> NovaEdge Solutions Stationery Material Order month of June -2025 | N5: 670
A6: =ROW()-1 -> 5 | B6: =IF(COUNTIFS(C:C,C6,D:D,D6)>1,"Its Duplicate","No") -> Its Duplicate | C6: FreshWave Services | D6: Admin/PUNE/03/25-26/MAT-01 | E6: 45818 | F6: Vikas Patil | G6: Administration Dept | H6: Jesika Mehta | I6: Amit Khanna | J6: Aakash Rao | K6: NovaEdge Solutions | L6: Stationery Material | M6: =IFERROR(IF(OR(E6="",K6="",L6=""),"", K6&" "&L6&" Order month of "&TEXT(E6,"mmmm -yyyy"))," ") -> NovaEdge Solutions Stationery Material Order month of June -2025 | N6: 8834.7
A7: =ROW()-1 -> 6 | B7: =IF(COUNTIFS(C:C,C7,D:D,D7)>1,"Its Duplicate","No") -> No | C7: BrandVista Commerce | D7: Admin/PUNE/03/25-26/MAT-01 | E7: 45818 | F7: Vikas Patil | G7: Administration Dept | H7: Jesika Mehta | I7: Amit Khanna | J7: Aakash Rao | K7: NovaEdge Solutions | L7: Stationery Material | M7: =IFERROR(IF(OR(E7="",K7="",L7=""),"", K7&" "&L7&" Order month of "&TEXT(E7,"mmmm -yyyy"))," ") -> NovaEdge Solutions Stationery Material Order month of June -2025 | N7: 1708
A8: =ROW()-1 -> 7 | B8: =IF(COUNTIFS(C:C,C8,D:D,D8)>1,"Its Duplicate","No") -> Its Duplicate | C8: FreshWave Services | D8: Admin/PUNE/03/25-26/MAT-01 | E8: 45818 | F8: Vikas Patil | G8: Administration Dept | H8: Jesika Mehta | I8: Amit Khanna | J8: Aakash Rao | K8: NovaEdge Solutions | L8: HK Material | M8: =IFERROR(IF(OR(E8="",K8="",L8=""),"", K8&" "&L8&" Order month of "&TEXT(E8,"mmmm -yyyy"))," ") -> NovaEdge Solutions HK Material Order month of June -2025 | N8: 5406
A9: =ROW()-1 -> 8 | B9: =IF(COUNTIFS(C:C,C9,D:D,D9)>1,"Its Duplicate","No") -> No | C9: AutoShine Hub | D9: Admin/PUNE/03/25-26/MAT-01 | E9: 45814 | F9: Vikas Patil | G9: Administration Dept | H9: Jesika Mehta | I9: Amit Khanna | J9: Aakash Rao | K9: NovaEdge Solutions | L9: HK Material | M9: =IFERROR(IF(OR(E9="",K9="",L9=""),"", K9&" "&L9&" Order month of "&TEXT(E9,"mmmm -yyyy"))," ") -> NovaEdge Solutions HK Material Order month of June -2025 | N9: 3640
A10: =ROW()-1 -> 9 | B10: =IF(COUNTIFS(C:C,C10,D:D,D10)>1,"Its Duplicate","No") -> No | C10: SpiceRoute Kitchen | D10: Admin/PUNE/03/25-26/MAT-01 | E10: 45814 | F10: Vikas Patil | G10: Administration Dept | H10: Jesika Mehta | I10: Amit Khanna | J10: Aakash Rao | K10: NovaEdge Solutions | L10: Stationery Material | M10: =IFERROR(IF(OR(E10="",K10="",L10=""),"", K10&" "&L10&" Order month of "&TEXT(E10,"mmmm -yyyy"))," ") -> NovaEdge Solutions Stationery Material Order month of June -2025 | N10: 5709
A11: =ROW()-1 -> 10 | B11: =IF(COUNTIFS(C:C,C11,D:D,D11)>1,"Its Duplicate","No") -> No | C11: BrandVista Commerce | D11: Admin/PUNE/03/25-26/MAT-02 | E11: 45810 | F11: Vikas Patil | G11: Administration Dept | H11: Jesika Mehta | I11: Amit Khanna | J11: Aakash Rao | K11: NovaEdge Solutions | L11: HK Material | M11: =IFERROR(IF(OR(E11="",K11="",L11=""),"", K11&" "&L11&" Order month of "&TEXT(E11,"mmmm -yyyy"))," ") -> NovaEdge Solutions HK Material Order month of June -2025 | N11: 2164
A12: =ROW()-1 -> 11 | B12: =IF(COUNTIFS(C:C,C12,D:D,D12)>1,"Its Duplicate","No") -> No | C12: UrbanDesk Workspaces | D12: Admin/PUNE/03/25-26/MAT-02 | E12: 45810 | F12: Vikas Patil | G12: Administration Dept | H12: Jesika Mehta | I12: Amit Khanna | J12: Aakash Rao | K12: NovaEdge Solutions | L12: HK Material | M12: =IFERROR(IF(OR(E12="",K12="",L12=""),"", K12&" "&L12&" Order month of "&TEXT(E12,"mmmm -yyyy"))," ") -> NovaEdge Solutions HK Material Order month of June -2025 | N12: 51826
A13: =ROW()-1 -> 12 | B13: =IF(COUNTIFS(C:C,C13,D:D,D13)>1,"Its Duplicate","No") -> No | C13: UrbanDesk Workspaces | D13: Admin/PUNE/03/25-26/MAT-03 | E13: 45814 | F13: Vikas Patil | G13: Administration Dept | H13: Jesika Mehta | I13: Amit Khanna | J13: Aakash Rao | K13: NovaEdge Solutions | L13: Stationery Material | M13: =IFERROR(IF(OR(E13="",K13="",L13=""),"", K13&" "&L13&" Order month of "&TEXT(E13,"mmmm -yyyy"))," ") -> NovaEdge Solutions Stationery Material Order month of June -2025 | N13: 9169
A14: =ROW()-1 -> 13 | B14: =IF(COUNTIFS(C:C,C14,D:D,D14)>1,"Its Duplicate","No") -> No | C14: LeadSpark Marketing | D14: Admin/PUNE/03/25-26/MAT-01 | E14: 45814 | F14: Vikas Patil | G14: Administration Dept | H14: Jesika Mehta | I14: Amit Khanna | J14: Aakash Rao | K14: NovaEdge Solutions | L14: HK Material | M14: =IFERROR(IF(OR(E14="",K14="",L14=""),"", K14&" "&L14&" Order month of "&TEXT(E14,"mmmm -yyyy"))," ") -> NovaEdge Solutions HK Material Order month of June -2025 | N14: 45497
... A119: =ROW()-1 -> 118 | B119: =IF(COUNTIFS(C:C,C119,D:D,D119)>1,"Its Duplicate","No") -> No | C119: LeadSpark Marketing | D119: Admin/PUNE/09/25-26/MAT-04 | E119: 45992 | F119: Vikas Patil | G119: Administration Dept | H119: Jesika Mehta | I119: Amit Khanna | J119: Aakash Rao | K119: Orion TradeCorp | L119: Coffee Material | M119: =IFERROR(IF(OR(E119="",K119="",L119=""),"", K119&" "&L119&" Order month of "&TEXT(E119,"mmmm -yyyy"))," ") -> Orion TradeCorp Coffee Material Order month of December -2025 | N119: 56000
A120: =ROW()-1 -> 119 | B120: =IF(COUNTIFS(C:C,C120,D:D,D120)>1,"Its Duplicate","No") -> No

Sheet Validation
A1: Company Name | B1: Vendor Name | C1: Exp Type | D1: Name of the Manager | E1: Project / Department | F1: Requested By | G1: Authorised By | H1: Received By
A2: BlueRock Advisors | B2: Orion TradeCorp | C2: Coffee Material | D2: Vikas Patil | E2: Administration Dept | F2: Jesika Mehta | G2: Rahul Deshmukh | H2: Neha Kulkarni
A3: NexaSoft Solutions | B3: NovaEdge Solutions | C3: HK Material | D3: Ankit Sharma | E3: Finance Dept | F3: Pooja Verma | G3: Amit Khanna | H3: Ritu Malhotra
A4: FreshWave Services | B4: AquaLeaf Drinks | C4: Stationery Material | D4: Sneha Iyer | E4: Human Resources | F4: Karan Shah | G4: Meenal Joshi | H4: Aakash Rao
A5: AutoShine Hub | C5: Medicine Material | D5: Rohit Kulkarni | E5: IT Operations | F5: Nidhi Agarwal | G5: Suresh Menon | H5: Kavita Nair
A6: PixelGrow Agency | D6: Priya Deshpande | E6: Procurement Dept | F6: Manish Jain | G6: Alok Srivastava | H6: Shweta Pandey
A7: UrbanDesk Workspaces
A8: DataSpring Analytics
A9: SpiceRoute Kitchen
A10: SkyEdge Aviation
A11: PrimeNest Realty
A12: BrandVista Commerce
A13: EliteHaven Properties
A14: ClickForge Studio
A15: LeadSpark Marketing
A16: MediaPulse Network
A17: TechNova Systems
A18: CoreByte Solutions
... A23: TechNova Systems
